Planner,Success Rate,Cleanup Steps,Evaluation Trials,Difficulty,Priority Cleaning,K-Nearest Filter,Time Searching Graph for Path,Path Planning Attempts,Path Planning Failures,Localization Failures,Time to Choose Action,Action Attempts,Time to Clean Graph,Time to Evaluate Success Rate
SGM,0.0,inf,20,0.95,False,inf,0.006472192999922299,20,0,0,719.4608271130098,12000,inf,752.579095729
SGM,0.0,0.0,20,0.95,False,5.0,0.004867416999786656,20,0,0,730.2934781480014,12000,inf,763.8731267189999
SGM,0.0,5000.0,20,0.95,False,5.0,0.006252582001252449,20,0,0,745.7914241150061,12000,521.789849278,780.4187822889999
SGM,0.0,10000.0,20,0.95,False,5.0,0.004044986997541855,20,0,0,739.5888010560029,12000,507.4816210369995,773.5881443880007
SGM,0.0,15000.0,20,0.95,False,5.0,0.003315248998660536,20,0,0,743.918453235985,12000,512.147279322,778.0801378060005
